iter	Logloss
0	0.6894706333
1	0.6860645348
2	0.6824164779
3	0.6788992561
4	0.675581482
5	0.6721800551
6	0.6687071887
7	0.6654630158
8	0.6624879854
9	0.6595919363
10	0.6565826839
11	0.6536019894
12	0.6506712714
13	0.6476513255
14	0.644861466
15	0.641988762
16	0.6391572473
17	0.6364329525
18	0.6337930994
19	0.6312299777
20	0.6286949103
21	0.6260824696
22	0.6236778673
23	0.6211104092
24	0.6185294167
25	0.6160598433
26	0.6136353896
27	0.6113224612
28	0.6091982012
29	0.6071281824
